V1,V2,authors
-0.03348756374049789,-0.007325481700249954,A Arenas
-0.03361651944391048,-0.006342967765447372,A Banks
-0.03374953263770187,-0.0029269385747466136,A Barto
-0.03582016880994755,-0.002566639260863865,A Barton
-0.03002840954457945,0.033830889661955604,A Bedford
0.06994132237277925,0.002689804299363806,A Behzadi
0.037482082538272996,-0.010914823662855283,A Bender
-0.040513002782070456,-0.018468596121334835,A Beppu
-0.03433558676536717,0.012109879846773919,A Berkeljon
-0.031305815847853156,-0.0035854066201380275,A Bisazza
-0.029487328191616327,-0.0038679628660281554,A Bittner
-0.03523189681078601,-0.007882049314756934,A Blandford
-0.04823401853323661,-0.009088828952091487,A Bloomfield
-0.026706301965370566,-0.0025647785887168294,A Borghi
-0.03095856991155031,0.005613930036061638,A Buss
-0.03764583576855739,-0.0019227919517149196,A Camilleri
0.041425151743894204,0.04532317471660076,A Campagne
-0.031913681001293576,-0.010977971094843388,A Carassa
-0.028036765267631058,-0.004688646337099442,A Chang
-0.03409439027070857,-0.005286292886881845,A Chapman
-0.03532707365006838,-0.013459448945954506,A Chessa
-0.03464284183030707,0.0017256552104411617,A Chuderska
-0.034642841830307074,0.0017256552104411627,A Chuderski
-0.03636450969211853,8.086861676236664e-4,A Ciaramidaro
-0.03433939843513473,0.007304845460966101,A Cleeremans
-0.032955986622431654,-0.00562688670416148,A Coenen
-0.0329403412251405,-0.011173632637787702,A Corner
-0.03523189681078602,-0.007882049314756933,A Cox
0.06747951396860412,-0.0054152034279157475,A Cruickshank
0.029754605176411666,0.07850537211005686,A D'Angiulli
-0.03761098033524522,0.003700172260235654,A Danz
-0.03740871149248894,-0.017588200864577335,A Darlow
-0.033071321221772546,0.002148931307657754,A Dassow
-0.039657544850980435,0.0017743454394007515,A Destrebecqz
0.0992506521707208,-0.0011171594381758998,A Dils
-0.03407057559290727,-0.01027652239169116,A Dimulescu
0.06013370189448028,-0.005176959219324979,A Dion
-0.039928190713400986,-0.009711239588767438,A Ejova
-0.03236264046207976,-0.0114147073468543,A Eshghi
-0.03494583477021464,-0.009215630352902801,A Fazly
-0.03360301521474782,-0.01396171340997232,A Fernald
0.07299961965858452,-0.005591390458339835,A Fischer
0.0025248550645262167,-0.013495709593708901,A Fisher
-0.039657544850980435,0.001774345439400752,A Franco
0.08365904899360994,-0.0062405577162188775,A Franklin
0.046389981441289606,-0.006795805231072096,A Frazer
-0.03470019194408257,0.011258929249001397,A Fumero
-0.03256438981066433,4.893549879760495e-4,A Gerganov
0.07648313455258032,-0.00945049858057783,A Ghane
0.047970953594520284,-0.008854581669740206,A Godfroid
-0.011257840830760193,-0.012373296511865518,A Goel
-0.036526658917314846,-0.010412396161903736,A Gopnik
-0.031537343546528034,-0.007006808769716924,A Gormley
-0.03558183001279481,-0.008366892870695756,A Gourdan
-0.0338672486139757,-0.00566129214994731,A Guerin-Dugue
-0.03567336425663515,-0.007512807772312596,A Habibi
-0.03294034122514052,-0.011173632637787704,A Harris
-0.05735063124724488,-0.002198531304186069,A Heathcote
-0.0355879583723911,-8.550331199457552e-4,A Hendrickson
-0.03734949213924932,-0.007468743515447022,A Heuvelink
-0.032782941272403984,-0.0037792453236797073,A Hoffman
-0.031044251221660085,-0.00875484705540999,A Horowitz
0.04797095359452027,-0.008854581669740211,A Housen
0.07204040055522065,-0.007739840916042925,A Hsu
0.04456496392406755,-0.013396122932559977,A Hund
-0.02945445580099713,-0.0023140802013337522,A Hwang
0.06994132237277925,0.0026898042993628636,A Jannati
-0.03242138880817465,0.014598467844182745,A Jansson
-0.03761098033524523,0.003700172260235653,A Janyan
-0.03897992160657176,-0.015016433639441405,A Jarvstad
-0.04096088811069141,-0.02289200861576104,A Jern
-0.021227316615094225,-0.007268635230572756,A Johnson
-0.032049047908212384,-0.009150328843718747,A Kaznatcheev
-0.03652800948165069,-0.004689690302863745,A Kinnell
0.06279715203102552,-0.0247624205135124,A Kitsantas
-0.01535064144661466,0.01775148326635531,A Kittredge
-0.03582016880994755,-0.002566639260864119,A Koehler
-0.03767734676042312,-0.03855464685499326,A Lee
0.06366587240241485,-0.012289394937480644,A Loehrlein
-0.033218612787026626,-0.007598824041869258,A Lovett
-0.037285016299823184,-0.007732554302811164,A Ma-Wyatt
-0.037034820645145225,-0.02279986025983059,A Maas
-0.03283424968275219,-0.0029385519418333003,A Maes
-0.037560073254935863,-0.05748712357065199,A Maharjan
-0.01992999790385936,7.121178658510728e-4,A Majid
0.014668467555683844,-0.00808750266095521,A Markman
0.0021028389339617375,0.03966794694594015,A Marotta
-0.03230558493069795,-0.004895515032674376,A Martin
0.059564303953443504,-0.013531022833661895,A Masnick
0.07229591313763854,-0.018139828101666033,A Meier
-0.03128692339721995,0.005575667392094386,A Meot
0.06994132237277924,0.002689804299362858,A Mokri
0.06398269593693078,-0.008441404764291944,A Molzhon
-0.029813397416828955,-0.0028247956972016963,A Montebelli
-0.032837853770368984,0.015652490650692706,A Morse
-0.03494583477021464,-0.009215630352902805,A Nematzadeh
0.05748381827378093,-0.008067800009719638,A November
0.0703305248682105,7.690473085227029e-4,A Oliveira
-0.0361999993330699,0.0015118081107074318,A Otto
-0.036425202182431206,-0.008242745613993439,A Passanisi
-0.027185126765279472,3.5107964568915814e-4,A Pavlenko
-0.032247293081858905,-0.012004149458299187,A Pease
-0.030064858578208547,-0.006369505955448,A Pereira
-0.0464386193249723,-0.02028628122605178,A Perfors
0.048673100203982814,-0.01151003396585326,A Pfeffer
0.06613271338632808,-0.01026514363177947,A Pogue
-0.0482191217919166,-0.018729832279425266,A Prefors
-0.01959765966968478,0.13010971463015536,A Priori
-0.033204007935005705,0.004740249468963547,A Protopapas
-0.03232358893771179,-0.013861727411378132,A Puettmann
-0.02711346841532387,-0.005336598705581513,A Pyke
-0.03808793367748394,-0.017868449533503212,A Rafferty
0.028808150291270162,0.006576120344289717,A Raffone
0.07178990382005127,-0.02105488177871965,A Rahman
0.047635966232218066,-0.04626958719046856,A Renkl
-0.03801215039420601,-0.001363234051991046,A Reyes
-0.034829354901217253,0.0031595468456343777,A Richards
0.06358186654812878,-0.006581476114538396,A Roman
0.06868754619230803,-0.00971085325691541,A Rossi
0.050062358880554915,-0.008565158343442026,A Rothe
-0.03426156657920265,-0.009892172444975136,A Rusanen
-0.03620327105187779,-0.0038032802200643726,A Salah
0.09504709245975695,-0.026582344127080097,A Samsonovich
0.0016441223715724206,-0.02581925464121973,A Sanborn
-0.03148000284863609,-0.010420311016993037,A Schueler
0.029620758170351823,-0.01761710594177253,A Schwering
-0.040077166447961485,-0.012573335674065912,A Shah
0.05553529454960388,-0.015785444538758082,A Shokoufandeh
-0.012037507944104178,-0.009331629950773431,A Shtulman
-0.03325987909965467,-0.012420483354546836,A Sloman
-0.032247293081858905,-0.012004149458299187,A Smail
-0.03666313371761714,-0.010038452837461105,A Smith
-0.03383946569037418,0.016699572502772406,A Sohrabi
-0.03874279812653921,-0.003089843008933377,A Stevens
0.05311541078912823,-0.013669696024567251,A Tajarobi
-0.02648333686340454,0.012534969280296848,A Tanaka
-0.03913179216750312,-0.008781171921448765,A Terai
-0.02603625051016968,0.04782813804875525,A Tessari
0.11255939049962536,-0.010843629294935047,A Tuerk
-0.028074261321283666,-0.007047469738176143,A Utsumi
-0.034770948830221485,-4.614370121978642e-4,A Wills
-0.03591786352161274,-0.006689673701035958,A Wolf
-0.03365095279168483,0.002522365948045727,A Yamada
0.07596704288806545,-0.009380163419846481,B Ambati
0.04490823221857367,0.007603967136802722,B Amsel
-0.03974972379034468,-7.603759848958039e-4,B Armstrong
-0.036364509692118525,8.086861676236854e-4,B Bara
0.05181666983096998,-0.014228079058402673,B Bers
-0.03237687321748262,0.012144900592621206,B Bertenthal
-0.030203754349919724,-0.0078287501560691,B Best
0.07178990382005125,-0.021054881778719645,B Boulay
0.10425222360297272,-0.007198332249737127,B Bridgeman
-0.03510991260761136,-0.01160490648589623,B Burns
0.22940780996061705,-0.020021023394607488,B Chikhaoui
-0.03232487294922338,-0.009187305047938672,B Clark
-0.038331546431331444,-0.051105234132971335,B Eugenio
0.003166171549170722,-0.011458406011852856,B Fisher
0.04904101570191697,-0.016061602458089838,B Forsyth
-0.033313523796612864,-0.007448740075962339,B Gokcesu
0.10432931423110559,-0.018679201245284334,B Guimberteau
-0.0018850148522329897,-0.017403927570627118,B Hayes
-0.032510358046122366,0.00823875915618768,B Heerebout
-0.030497860445276238,0.009019376050677326,B Hommel
-0.032550167846204646,-0.013722850677723573,B Imhof
0.044092069225328746,-0.014370906121330533,B Indurkhya
-0.031450702309638666,-0.0106272869000514,B Jee
-0.03701805362555798,-0.0037172083287143674,B Johns
0.0936660865484484,-0.012323449727987847,B Jolie
-0.04534042126621828,-0.0074464955448186,B Kokinov
0.059830917234469476,-0.008088712269629953,B Landau
0.011973753767145717,0.11176982496896229,B Lee
-0.04045129324280339,-0.005583016796139574,B Lemaire
-0.026671106022174318,8.441755232472771e-4,B Long
-0.04189269215674204,-0.0025401958639278176,B Love
0.044224264241953505,-0.005488744720949013,B Macq
-0.027185126765279483,3.5107964568916735e-4,B Malt
-0.0283835412019557,0.009869897757434421,B Marino
0.0472753166935023,-0.010453780105199161,B Matlen
-0.0174143581969427,-0.0033064314623630076,B McElree
0.125530740973913,-0.010832354530079346,B McLindin
-0.04840989840400255,-0.025827383091421206,B Meder
-0.03551994540310499,8.63437228342022e-4,B Meijering
-0.02895460549876984,-0.007885698502167377,B Mohler
0.059324676280272104,-0.014761900961183544,B Monroe
-0.032107939893310615,-0.0021083191550661405,B Nanay
-0.031415199521867894,-0.010749242500956291,B Newell
0.07171945919081239,-0.010656356682854638,B O'Connor
-0.0383521966709457,0.006648008318682525,B Purcell
-0.04469125482839827,-0.005664130623437603,B Rehder
0.041425151743894224,0.04532317471660073,B renault
-0.007605806279936243,0.01951506768740131,B Reynvoet
-0.029464007840421958,-0.009520230034589548,B Riordan
-0.032218260544946954,0.007265165511344233,B Riou
-0.036533997219542536,-0.009772288067095082,B Ross
-0.04321926350495666,-0.009590137645625852,B Rottman
-0.034098914473520835,-0.014490367978290846,B Roy
-0.031450702309638666,-0.010627286900051398,B Sageman
-0.0309819462801548,-0.005651418013219893,B Sarnecka
-0.02949138825594816,-0.006253095061393783,B Scassellati
-0.03322664253422378,-3.8264236556982386e-4,B Scheibehenne
-0.02706547461321795,-0.014323582818225053,B Schwarz
-0.03603811415412585,-0.017051324053966112,B Shih
-0.031551157882911615,-1.634055523594902e-4,B Smith-Chant
-0.032445322822250204,-0.011796072641753938,B Stone
-0.0343393984351347,0.007304845460966034,B Timmermans
-0.03059637666027991,-0.0015577115455379963,B Tjan
-0.03165795455110703,-0.015613808060705751,B Tversky
0.04925365790817064,-0.011615186324506756,B Veksler
-0.03236957662080638,-0.004893794092499786,B Velichkovsky
0.06164994530472581,-0.01455649938692527,B Verheij
-0.03432437541490201,-0.010533321764850587,B Walker
0.07504984394794244,-0.010010672153688059,B Walker-Meade
-0.03322664253422379,-3.8264236556981865e-4,B Wansink
-0.041391693019755295,0.0632349266953656,B Wyble
-0.0288415679942819,-0.009197520004315934,B Zhang
-0.03130581584785315,-0.0035854066201380782,C Agrillo
0.06868754619230802,-0.009710853256915428,C Allen
-0.02706547461321795,-0.01432358281822505,C Asterhan
-0.0425526343781301,-0.02335390923764862,C Baker
0.06797421548072599,-0.006423853606976623,C Barsics
0.090301737187051,-0.007975767256986883,C Blattler
0.046037048950656106,-0.00801831845484302,C Brom
0.05967233663560134,0.03281137038628613,C Caljouw
-0.037962428258104114,-0.055881085500924695,C Callaway
-0.03563670865423219,-0.019713364349356482,C Carroll
0.08583125095125944,-0.01104038342395169,C Castro
-0.03363829906293241,-0.003175926488690393,C Chen
0.16767638595305842,-0.013913766158336125,C Coey
0.04363965870949104,-0.013865772544871558,C Cook
-0.029491388255948166,-0.006253095061393783,C Crick
-0.03309408823710153,-0.006685166117923591,C Dando
-0.042443208957879563,-9.776253732749185e-4,C donkin
-0.042040401573541386,-0.003861418292765301,C Donkin
-0.02667110602217431,8.441755232472591e-4,C Fausey
-0.041664435239992186,0.09243445155714905,C Forkstam
0.056531655777050126,0.02078737950873341,C Frith
-0.02641968626479277,-0.013274790926584592,C Frosch
-0.017916665991728836,0.056188485105510506,C Gerlach
-0.031670279898936636,-0.008347164653663927,C Guss
-0.037560073254935836,-0.057487123570651916,C Heffernan
-0.03281518741310934,-0.010420723907025463,C Hemelrijk
0.05535533029747695,-0.004769153988929282,C Henderson
-0.041284394385423,-0.00575132894648347,C Hodgetts
-0.0373097826266533,-0.008121171153755982,C Holscher
0.052499031277986774,-0.009947009323092885,C Janssen
-0.02417735615002526,0.005030633269745051,C Kello
-0.046939567405525656,-0.030910552127955154,C Kemp
-0.008246196636980287,0.0206589434495192,C Keysers
-0.029927531458450105,-0.006511112154921747,C Kidd
-0.036969280423298306,0.011511459916061763,C Krumhansl
0.1877472665493027,-0.01671076861245947,C Kurby
0.07823795004546695,0.019989736431438473,C Lau
-0.039537987791602426,-0.010827151125209003,C Lawson
-0.03548496933454294,-0.011580142649004322,C Lebiere
-0.012037507944104183,-0.00933162995077343,C Legare
-0.02928025256895164,-9.165299086508514e-4,C Leth-Steensen
0.04817045430236315,-0.02432774201130252,C Lucas
-0.019597659669684794,0.1301097146301554,C Lucchiari
0.07823795004546699,0.019989736431438483,C Madan
-0.029510516213174364,-0.01894048532280665,C McKenzie
-0.030857268484392464,-0.00839801871437607,C Meini
-0.034402385888776824,-2.662548920443146e-4,C Pals
-0.036361934993665,-0.008893439292246418,C Papadopoulos
-0.0343385337438174,0.0018798296628728596,C Patterson
-0.03157770986588922,-0.0034565594013719492,C Pietsch
-0.03117603312098417,-0.007203249307718945,C Pompanon
-0.03259862510125402,0.015687781757209508,C Reverberi
0.04004556122633324,-0.015212188191995114,C Sandhofer
-0.03362646501075475,0.002801678057436221,C Sanislow
-0.03470019194408257,0.01125892924900136,C Santamaria
-0.03349779950504309,0.01365143037699378,C Schizas
0.11138309090050648,-0.02739305842387534,C Schunn
-0.023802330286302565,0.19440549133087856,C Schwarzbauer
-0.03433558676536715,0.01210987984677391,C Stevenson
0.05355045417382451,-0.005647306406114482,C Strobl
-0.004944025055381301,-0.0014321421203829106,C Stutterheim
-0.029157193755185936,-0.009858835475495353,C Theisen
-0.02958165957334371,-0.013789251082773261,C Walsh
-0.0354674286352543,0.002427382004012118,C Was
0.05053409404766706,0.009901002427311414,C Weaver
0.08391560354836006,-0.013861462580402306,C Wilson
-0.030516281473936663,0.005509610550447264,C Wranke
0.029907008454263872,0.004868565585226378,C Wu
-0.01586617715534993,-0.01785053042223649,C Yu
0.037779024942271325,-0.01306168338982517,C Yucel
-0.030355510704400665,-0.0056756000093526405,C Zednik
0.05956430395344357,-0.013531022833661917,C Zimmerman
-0.03652665891731487,-0.010412396161903729,D Baldwin
-0.042666504758948766,-0.016445403211405443,D Barner
0.056481929772739,-0.005977624845898989,D Bavelier
-0.03601651427958493,-0.018793397898628602,D Belenky
-0.03470019194408257,0.011258929249001367,D Beltran
0.05263420719741766,0.034609417718043725,D Bergsma
-0.01535064144661466,0.01775148326635531,D Bishop
0.032502090039138135,-0.011721196127728475,D Blettner
0.05249903127798676,-0.009947009323092866,D Brumby
-0.03652665891731487,-0.010412396161903722,D Buchsbaum
0.08782558283179162,-0.005908937509056144,D Burns
0.125530740973913,-0.01083235453007931,D Calic
0.09321052217323939,-0.009967080621541766,D Calvillo
0.01124057378328213,0.04425094399810253,D Casasanto
0.08365904899360992,-0.0062405577162189104,D Catherwood
-0.041333743127564125,-0.019490161016766015,D Cavagnaro
-0.028954241827297236,-0.01187126935532859,D Choi
0.03583808668456612,-0.020124611345039123,D Connor
-0.04609188535744909,-0.04251580925426942,D Cosejo
-0.011055047648576108,-0.0018994173000477198,D Cosker
0.064472154425152,-0.00277450364808463,D Dimitrova
-0.034537965763410144,-0.00465364519932836,D Dinges
-0.030957227451455273,0.009939740509126799,D Domijan
-0.03104425122166009,-0.008754847055409994,D Ferranti
-0.03833154643133145,-0.05110523413297131,D Fossati
-0.03324190621205413,-0.0025678729445445265,D Freudenthal
-0.035195602847350835,-0.006340413113602081,D Galbraith
-0.001545721867881646,-0.022506587280031135,D Gentner
-0.03564434200642317,-0.007863996438428913,D Goldstein
0.053507951993335814,0.04294279989781329,D Gomez
0.0830036841600923,-0.008568494244156214,D Graham
-0.0315777098658892,-0.0034565594013719362,D Grodner
-0.023677738736935065,-0.009649877785269219,D Helbing
0.04955306759730521,-0.005744711130348032,D Hendrickson
0.0496949454965579,-0.009336371344699645,D Hofstadter
-0.031794649672180736,0.05441066256092872,D Huber
-0.04180405972192639,-0.006623515063834063,D Huessen
0.07468599011020671,5.603887464789817e-4,D Hung
0.06412034506790922,-0.00825774690043721,D Hyde
-0.037310874960714543,-0.012950829606098153,D Ichinco
0.0936660865484484,-0.012323449727987856,D Jim
-0.031551157882911594,-1.6340555235949995e-4,D Kamawar
-0.03854965985159771,-0.007935319145239162,D Kirsh
-0.03808793367748394,-0.017868449533503243,D Klein
0.05355045417382452,-0.005647306406114479,D Klenovsak
0.08985522003695061,-0.00481137083489677,D Knill
-0.0066334337666490665,0.013588919670788638,D Kravitz
0.06229589544684335,-0.010980577116144254,D Lagnado
-0.04068180665540739,-0.01263505276029173,D Landy
0.011973753767145722,0.11176982496896234,D Lee
-0.042635927807211677,-0.022044350670899486,D Little
0.0628485514778012,-0.00924386376493719,D Liu
-0.030657864564703905,-0.011851889638591814,D Lobina
-0.038474501734276266,0.02615674569911892,D Lynott
0.05354775903246173,-0.009256882978486581,D Lyon
-0.029507564549281107,-0.005851430349062126,D Mallard
-0.03749578328213729,-0.011424554862057712,D Markant
-0.011055047648576108,-0.0018994173000477298,D Marshall
0.002102838933961735,0.039667946945940155,D Martella
0.06872290242733858,-0.002216889114203435,D Marzoli
-0.030695540533385822,-0.022914845094589076,D McNamara
-0.03259077755499846,-0.006700753299383421,D Medin
-0.04258868938833007,-0.006460672524041634,D Mehay
-0.02610100527896232,0.01799795125040245,D Mirman
-0.011958458880497822,0.009218381802213505,D Muellensiefen
-0.042448293322901696,0.007889214705399081,D Muller
0.003831907574277153,-0.02531744505094591,D Navarro
-0.03140309867529796,0.033656300660302264,D Noelle
0.06278389079271673,-0.00364366739472887,D O'Hora
-0.040077166447961506,-0.012573335674065973,D Osherson
-0.03453796576341014,-0.00465364519932836,D P.A.
0.07299961965858445,-0.005591390458339851,D Pecher
-0.0376690294657935,-0.011544091599250858,D Peebles
-0.03334329625643268,-0.006161359736439961,D Pettit
-0.03974972379034468,-7.603759848958005e-4,D Plaut
0.07812628075529342,-0.007408723733892018,D Richardson
-0.0127039595714834,-2.3872253012696638e-4,D Roberson
0.0830036841600923,-0.00856849424415621,D Rockmore
-0.0401622100491419,-0.00618343718308215,D Roy
0.05553529454960384,-0.015785444538758082,D Salvucci
-0.02028206259294893,0.003571776944859844,D Sauter
-0.03237601515729199,-5.943133187344791e-4,D Schlimm
-0.03598480925335426,-0.0010159629927755048,D Schwartz
0.06216680991921691,-0.013288762369305195,D Secchi
-0.0195976596696848,0.13010971463015544,D Servello
-0.03796355714785412,-0.0017494259027236226,D Sibley
-0.035899361375271235,0.0020863759240235813,D Spieler
-0.033088337563780865,-0.0015268667941006606,D Stapel
0.10405294686953467,-0.01558751206597221,D Stark
-0.035941816577646286,-7.921192863141746e-4,D Sternberg
-0.034996757197369,-0.016847107653992603,D Stracuzzi
0.05425547086779982,0.08982805949990516,D Takahashi
0.0743038978776931,-0.012977460484187983,D Tamir
-0.03365095279168481,0.002522365948045728,D Tanaka
-0.029770498917060073,0.0037293084484616,D Tolhurst
-0.04315690277036568,-0.014564744226471533,D Trumpower
0.0440133237725977,0.08437066480544438,D Tsaparina
-0.03145070230963868,-0.01062728690005139,D Uttal
-0.028841567994281905,-0.009197520004315922,D Vargheese
-0.0414139020475831,0.006914839928874958,D Vinson
-0.036141209266901016,-0.004261430472820699,D Worthy
0.1005026545074192,-0.0013170851136992008,D Wu
-0.03432995526609511,-7.582147295535678e-4,D Yarlett
0.03777902494227132,-0.013061683389825178,D Yurovsky
0.05355045417382453,-0.005647306406114489,D Zaefferer
-0.03165795455110706,-0.015613808060705746,D Zahner
-0.03234905335127805,-0.004849926134213728,E Accorsi
0.13616859090867983,-0.018660556261521685,E Andonova
0.08365904899360994,-0.0062405577162189165,E Axelsson
-0.03017042384094884,-0.006556655860191432,E Bard
0.06398269593693089,-0.008441404764291954,E Blagrove
0.003269890505782808,-0.018146565804082998,E Bonawitz
0.05476742465465559,-0.005634282541200792,E Bos
-0.007605806279936239,0.01951506768740131,E Bussche
0.04955306759730519,-0.0057447111303480375,E Chaffin
0.06280765469198123,-0.0038776162582905634,E Chang
0.10425222360297277,-0.007198332249737117,E Chiu
0.057244149460147345,0.09327007922581869,E Chrysikou
-0.03433558676536716,0.01210987984677391,E Coffey
-0.03582016880994755,-0.002566639260864136,E Cokely
-0.03404406501351081,-0.004461821061665355,E Cokley
-0.03556705049379642,0.003540465583962954,E Constantinou
0.050070574685509614,-0.008565810694643641,E Erofeeva
-0.03796242825810413,-0.05588108550092468,E Fallow
-0.03265164544180663,-0.002704408217410883,E Forster
0.07823795004546696,0.01998973643143849,E Fujiwara
-0.027687561971742044,0.001147580438389606,E Genuchten
-0.03337671474841191,-0.004867020009566554,E Gibson
-0.03998946525823086,0.010083262721520811,E Gillard
-0.0338779549866348,-0.011935908635296531,E Grothe
-0.03482935490121724,0.0031595468456343573,E Hannon
0.05648192977273903,-0.005977624845898999,E Hirshorn
-0.03200777262516318,-0.006349694708526732,E Hristova
0.05260553785678567,0.03591149473370148,E Huddleston
-0.04245887490777245,-0.004977577297937214,E Krahmer
-0.011055047648576108,-0.0018994173000477354,E Krumhuber
0.09030173718705103,-0.007975767256986876,E Marmeche
-0.030010470437875192,-0.004538744674771622,E Mather
-0.028674179481433026,-0.01002055996588929,E Mayr
0.06747951396860413,-0.0054152034279157536,E McSorley
-0.0359544531910031,1.0856315444242435e-5,E Meeuwesen
0.053285810670937246,0.10998414471374462,E Mnatsakanian
-0.010186268331130056,-0.004201743433555345,E Morgan
-0.03888570834993125,-1.1181160874401389e-4,E Newport
0.04969494549655792,-0.009336371344699656,E Nichols
-0.033204007935005664,0.00474024946896356,E Nomikou
0.07728132316189261,0.006464017041917775,E Nyhus
-0.032789446634639695,-0.003457535823040553,E Paus
0.12199637047156955,-0.006839609036577445,E Peng
0.03758006299610306,0.06836016482820775,E Qiao
-0.031176033120984176,-0.0072032493077189355,E Raufaste
-0.03232487294922336,-0.009187305047938677,E Sagi
0.05427636402376493,-0.012414832379887972,E Scott
-0.0127039595714834,-2.3872253012696413e-4,E Spaepen
0.1016828525719143,-0.013164449909056191,E Spelke
-0.03632910385888829,-0.03199153007417868,E Stahl
0.04523846966989409,-0.007742639013596409,E Swannell
-0.0365339972195425,-0.009772288067095075,E Taylor
0.06801412111921785,-0.017399222786480917,E Thom
-0.030664766955073846,-0.00959704787496952,E Thompson
-0.042751733886674095,-0.014059446618430293,E Vaart
0.0533139207099119,-0.002934446659211198,E Valenza
-0.04016109185276478,-0.027200688796093643,E Vul
0.06484393094831638,-0.005951729499303173,E White
-0.02994224904328788,-0.01077599889563597,E Wollny
0.062295895446843365,-0.010980577116144263,E Yu
-0.029040762015554195,-9.715643180527634e-4,F Balcomb
0.06450950730298169,-0.015573525085897974,F Bocklish
0.04797095359452029,-0.008854581669740213,F Boers
-0.03607832184590593,-0.004969406236802575,F Both
-0.026706301965370566,-0.0025647785887168446,F Cimatti
0.09229809498378669,-0.01847511519025719,F Cnossen
-0.03138674262795907,-0.006144747203174661,F Cummins
-0.03604440669429379,-0.015962271546995345,F Cushman
-0.03658855328792031,-0.001280846661672596,F Dandurand
-0.016016302020822624,-0.014879151163115624,F Dogan
-0.0315777098658892,-0.0034565594013719423,F Durgin
-0.018763757761689752,-0.01076721632221554,F Eemeren
-0.020282062592948923,0.003571776944859846,F Eisner
-0.035342092342442163,-0.005379795503846592,F Ellinghaus
-0.03310881268875965,1.0929411405985284e-4,F Ferreira
-0.033241906212054126,-0.002567872944544506,F Gobet
-0.037572953959435246,-0.009644188624103456,F Gosselin
0.053550454173824556,-0.005647306406114478,F Hartung
-0.03121611104277727,0.03814933897884694,F Hussain
-0.03553557306717787,-0.008231294741043128,F Jaekel
-0.03674837938261484,-0.00884583740487544,F Kanayet
-0.04947115894946815,-0.00627084345404069,F Keller
0.2294078099606171,-0.020021023394607478,F Laudares
0.053507951993335794,0.04294279989781329,F Macagno
0.04783697932088557,0.00201256079675694,F Maratos
-0.0354435538374516,-0.009281637741578922,F Martin
-0.03656300859891529,-0.006695675289068076,F McDonald
-0.03477094883022155,-4.614370121978443e-4,F Milton
-0.029881646434859875,-0.018183826921514514,F Paas
0.06868754619230809,-0.00971085325691539,F Parada
0.03672675813403322,-0.005674220041988006,F Poletiek
-0.03047419519457827,-0.011977102180783171,F Ritter
-0.0334032803126549,-0.006631735377603872,F Roehrbein
0.02040278212555384,0.003815952996035512,F Smolik
-0.00824619663698029,0.02065894344951925,F Strack
-0.030337684569604565,-0.001272426955889464,F Vallee-Tourangeau
-0.03085726848439247,-0.008398018714376064,F Vinai
0.03758006299610308,0.06836016482820774,F Vinckier
-0.028674179481433047,-0.010020559965889275,F Windhager
-0.03085726848439247,-0.008398018714376065,G Arduino
0.05967233663560136,0.032811370386286155,G Band
-0.023706462536826838,-0.005591626394962615,G Borensztajn
-0.007689643502370584,0.006651985394796858,G Brown
-0.037962428258104135,-0.055881085500924695,G Campbell
-0.03387504173820829,-0.008004888924458371,G Caucci
-0.03473406229667525,-0.020640879903076725,G Cierniak
-0.028487030616527863,-0.00935589383121289,G Cleveland
-0.037929385452466956,0.04669104054201854,G Cottrell
0.04490823221857365,0.007603967136802734,G Cree
0.07596704288806544,-0.009380163419846483,G Dulam
-0.039467387511064655,-0.009505821825847763,G Egidi
0.05378042450791629,-0.013532237545307335,G Garcia
-0.042674277632469636,-0.009539644891573908,G Gigerenzer
0.059991310347758044,-0.007359885572426481,G Gronchi
0.08844789895780225,-0.011756874163963607,G Hardie
-0.030695540533385815,-0.022914845094589076,G Jackson
-0.03506796839926435,4.6512164332627e-4,G Jahn
-0.034679559588847594,0.001039682882956305,G Jenkins
0.012493110866247131,-0.020422165164553675,G Kachergis
0.04628929925765817,-0.01086714473117956,G Kjoll
0.052282015963291385,-0.016026333855337627,G Koduri
-0.03522854771889428,-0.0033249753862818403,G Koostra
0.05983091723446947,-0.008088712269629952,G Legendre
0.04516751325659425,0.0052060845229691365,G Lupyan
-0.03176350640766364,-0.010939227246185146,G Miles
0.03877951954732546,-0.015192350102453844,G Mills
-0.00954568941123537,-0.012119671264931822,G Murphy
-0.034700191944082553,0.011258929249001364,G Navarrete
0.05395850889527455,6.202164438853917e-4,G Orden
-0.031846417436903245,-0.010834992651231366,G Petkov
-0.03172434157417781,0.06762729679335502,G Pobric
0.22940780996061705,-0.020021023394607478,G Pratte
-0.019597659669684797,0.13010971463015542,G Pravettoni
0.03389000836713985,-0.001486530787161149,G Redeker
0.034274966318406784,-0.0030022642540731993,G Schoner
0.04239051750263297,-0.007624471350725846,G Schrementi
-0.035732433625408865,-0.0033150432287138796,G Seli
-0.031305815847853136,-0.0035854066201380626,G Serena
0.07358967789230494,-0.017943833258192644,G Siegle
-0.046870686954263406,-0.015139567547342143,G Storms
-0.03906159127770016,-0.012159219232528967,G Trafton
-0.03221826054494696,0.0072651655113442504,G Vallet
-0.04562463275248432,-0.002544402197101378,G Vigliocco
-0.02950756454928112,-0.005851430349062123,G Villar
-0.049833361988904756,-0.013286844818585065,G Villejoubert
0.05597671037903144,0.030095385645357655,G Westermann
-0.01195845888049782,0.009218381802213493,G Wiggins
0.05263420719741765,0.034609417718043725,G Wildt
-0.030004026942005598,-0.003159919452479411,G Zelinsky
-0.034875436168249604,0.01633037713385382,H Blumenfeld
-0.0359544531910031,1.0856315444243059e-5,H Boshuizen
-0.0413916930197553,0.06323492669536558,H Bowman
0.053313920709911894,-0.0029344466592111916,H Bulf
0.0546825144319176,-0.013378215848908059,H Bulthoff
0.13397535141267522,-0.016012711348216586,H Burch
-0.033638299062932406,-0.003175926488690396,H Cheung
0.06760329010821856,-0.020187263140814628,H Choi
0.03754918889082307,-0.002276973152711605,H Ekhtiari
-0.011055047648576108,-0.0018994173000477193,H Fang
0.04743590147192584,0.05045736556761423,H Fukuda
-0.011055047648576106,-0.0018994173000477165,H Griffin
-0.03328204222312532,-0.011448904019652553,H Gust
-0.03901890328001883,-0.019840047238872328,H Gweon
0.06260726137880449,-0.0054321840829063515,H Haladjian
0.05772241299200647,0.05359872515771133,H Hashizume
0.04867982109068985,-0.007612223780755244,H Hayashi
-0.039228753979043324,-0.007825356494445001,H Honda
-0.011958458880497822,0.009218381802213498,H Honing
-0.02648333686340451,0.012534969280296862,H Imai
-0.0327486145290742,-0.006695011767328201,H Jarodzka
0.05772241299200648,0.05359872515771134,H Jeong
0.06150438419151254,-0.020385196174561478,H Khamar
-0.02999056851505124,-0.006107546553756249,H Kloos
0.06507103584259687,-0.014395821102786817,H Laftchiev
0.06280765469198121,-0.0038776162582905734,H Li
0.04334013382516569,-0.009013513019262776,H Maas
0.08844789895780221,-0.011756874163963612,H Mallot
0.044224264241953554,-0.005488744720949,H Mendonca
-0.02384674632297219,0.10239325177657699,H Mercier
0.05734036409065624,-0.011075440253086226,H Nakamura
0.03448946360356768,-0.011508442513995944,H Nilsson
-0.03059434303781804,-0.011585996276181041,H Oostendorp
0.04757295831397574,-0.0024474853521233393,H Osanai
0.05718461065315174,0.056741655448124984,H Park
0.046308685927137036,-0.013238370065788693,H Paton
0.06531185947090307,-0.016214111512900718,H Pfister
-0.03251035804612242,0.008238759156187686,H Phaf
0.2272186782289663,-0.017544773309759204,H Pigot
0.03519493263812816,-0.003203783621366573,H Rijn
-0.02867417948143306,-0.010020559965889275,H Risku
-0.034632031450897,0.0029222255865568756,H Rohde
-0.030064858578208516,-0.00636950595544798,H Shen
0.05702492182702174,-0.013518437565655541,H Shimada
0.06503952697500512,-0.01462963289589692,H Shin
0.07728132316189269,0.006464017041917773,H Snyder
0.05570668422222017,-0.019580546147621326,H Sohn
0.07229591313763842,-0.01813982810166605,H Spada
-0.03382815231741231,0.00193608785033976,H Stadthagen-Gonzales
-0.02766896148735996,0.010511445629046346,H Svensson
-0.033376714748411904,-0.004867020009566545,H Tily
-0.03636450969211855,8.086861676237199e-4,H Walter
-0.029454455800997193,-0.002314080201333724,H Wang
-0.03155000643311541,-0.0014900152992506222,H Weldle
-0.029067369662721308,-0.005834016589547366,H Wellman
-0.012037507944104181,-0.009331629950773423,H Whitehouse
-0.013502974613048375,-0.007792891407951785,H Wiese
-0.023846746322972193,0.10239325177657696,H Yama
-0.03259059248636699,-8.167914321717706e-4,I Arnon
0.0599404064718403,0.044293789302189135,I Bokkon
-0.031133073627248518,-0.01295559144397236,I Chang
0.059672336635601356,0.032811370386286176,I Christoffels
-0.030028409544579433,0.033830889661954855,I Cosic
-0.03303433855834444,-0.009067132916026356,I Cramer
-0.015350641446614646,0.017751483266355332,I Eigsti
0.04722178883658327,-0.0036185926136619493,I Gauthier
-0.032884414032996565,-0.006129018223369136,I Hodges
-0.037341529576925325,0.01354346297670973,I Juvina
0.07033052486821051,7.690473085227215e-4,I Martins
-0.034700191944082547,0.011258929249001378,I Orenes
0.05718461065315175,0.05674165544812498,I Park
-0.03556827087257122,-0.00849543961077299,I Rahwan
0.06378652486110505,-0.011751831015799262,I Rodriguez-Gualda
-0.035226494385723166,-0.02359213128378585,I Roll
-0.032188478158658364,-0.010477316520740548,I Rooij
-0.03070590070897593,9.617355820110941e-4,I Simpson
-0.03760385021931372,-0.010130156451801693,I Slingerland
0.05328581067093721,0.10998414471374464,I Tarkka
-0.035198206195942446,0.004696243046299323,I Vankov
0.05583822935273599,0.012028954111772296,I Visser
0.04944281619179812,-0.0017281788308312319,J Alderete
0.08365904899361006,-0.006240557716218896,J Alvarez
0.061593409143851745,-0.017554617817026896,J Anderson
-0.03509755460604956,-0.0023135574245981313,J Arciuli
-0.032067915963669064,-0.008304785836047488,J Asendorpf
-0.03792358729685437,-0.013576860461814362,J Austerweil
-0.04009936737494512,-0.019274664153974882,J Beal
-0.03715651716287347,-0.025367287291867296,J Beck
-0.03329060430171593,2.34398854728255e-4,J Bek
-0.012037507944104183,-0.00933162995077343,J Bering
-0.03016511510240778,-0.008766116304575213,J Beule
-0.031551157882911525,-1.6340555235947956e-4,J Bisnaz
0.07630898810217003,-0.012650562352753242,J Black
0.050211883529124875,-0.008017952706613768,J Bonny
-0.03348756374049709,-0.0073254817002500645,J Borge-Holthoefer
-0.03568592896888221,-0.003744623476402077,J Borst
0.08391560354836,-0.013861462580402287,J Brasfield
-0.032018137380589444,-6.595615831985493e-4,J Bryson
0.078237950045467,0.019989736431438494,J Caplan
-0.02778925984320395,0.0010250295834781373,J Chen
0.06760329010821858,-0.020187263140814635,J Choi
0.031894588765246194,-0.015540599480704352,J Choplin
0.057184610653151724,0.05674165544812496,J Chun
-0.012539807899224712,-0.018171589309822486,J Clement
-0.035044544632037905,0.001479610322561625,J Coley
0.060960758943724595,-0.018525443719971856,J Colhoun
-0.03165795455110706,-0.015613808060705728,J Corter
-0.012703959571483403,-2.387225301269521e-4,J Davidoff
0.08403035573686898,-0.008464552410165478,J Davies
-0.008246196636980304,0.02065894344951926,J Davis
-0.03623866432111555,4.3514945704381655e-4,J DeLong
-0.034070575592907285,-0.01027652239169117,J Dessalles
0.0509432848662063,-0.016158159097173785,J Dixon
0.1139212867139263,-0.0206811911738062,J Dunn
-0.0334032803126549,-0.006631735377603859,J Eggart
-0.03397797540110501,-0.004259526019414508,J Evans
0.06082722247614565,0.0067207956738530965,J Fiez
-0.01876375776168974,-0.01076721632221553,J Fox
0.05468251443191757,-0.013378215848908054,J Frankenstein
0.08300368416009223,-0.008568494244156207,J Friedenberg
0.02977061072746105,-0.009964770255855309,J Garcia-Albea
0.056935286417794335,-0.0032394222368021153,J Gavilan
-0.03661285555065123,-0.012289852895944425,J Gilkey
-0.03715651716287347,-0.025367287291867296,J Gobert
-0.030596376660279874,-0.0015577115455379703,J Gold
0.06599011572304549,-0.009833192388608145,J Greene
-0.03453796576341008,-0.00465364519932835,J Gunzelmann
-0.0351956028473508,-0.006340413113602069,J Hallam
-0.04374144653286181,-0.01051676812348385,J Hampton
0.03506230570481944,-0.005347619055660873,J Harbison
0.06613271338632813,-0.010265143631779482,J Hartshorne
-0.012155330495603111,0.02077547331610617,J Hell
-0.03234905335127804,-0.004849926134213702,J Henin
-0.023846746322972196,0.10239325177657697,J Henst
0.03389000836713984,-0.0014865307871611382,J Hoeks
-0.007689643502370586,0.0066519853947968775,J Holden
0.054276364023764984,-0.012414832379887972,J Horst
0.08782558283179151,-0.005908937509056141,J Houpt
-0.02438582504766232,0.025689080228604243,J Hsiao
0.018344560994277174,-0.017164083328948428,J Huang
0.05503989358963054,-0.007351769182091318,J Hulbert
-0.03559803067442176,-0.00738596857556676,J Hummel
-0.03559126965524166,-0.010815432054628905,J Huttenlocher
0.06278389079271673,-0.003643667394728859,J Hyland
-0.034338533743817345,0.0018798296628728863,J Johnson
0.1676763859530585,-0.013913766158336132,J Jordan
-0.03531932928120482,-0.012630653772052941,J Kaminski
-0.03144913552683932,0.022750108778355156,J Keidel
-0.033071321221772546,0.002148931307657748,J Kemnitz
0.003166171549170712,-0.011458406011852829,J Kielman
0.057184610653151696,0.05674165544812497,J Kim
0.04179704899921757,-0.013981262931498093,J Kimmerle
-0.0330076665538643,0.0054869447055697716,J Klein
0.04638998144128965,-0.006795805231072089,J Knicely
-0.03334329625643264,-0.006161359736439945,J Knobe
0.04010380721314217,-0.011231784568336114,J Koenderink
0.06450950730298174,-0.01557352508589794,J Krems
-0.029566625846110996,-0.010871303876203909,J Laird
-0.034290601360321464,-0.019964121001079402,J Larusson
-0.03535463347423864,-0.023381369440737237,J Lee
-0.03393592538603337,-0.002771289542765671,J LeFevre
0.06278389079271675,-0.0036436673947288587,J Leslie
-0.0384313998637195,-0.01134243461166937,J Lewis
0.03427496631840676,-0.0030022642540731945,J Lipinski
0.04142515174389422,0.04532317471660076,J Lorenceau
0.01609622011315453,-0.0038373800324241693,J Lukavsky
-0.03469556952284568,-0.008530209833235006,J Ma
-0.03385558981612229,-0.009805598923617405,J Maja
-0.02946400784042192,-0.009520230034589511,J Maouene
-0.04104566556586859,-0.011928484899428627,J Marewski
-0.03801215039420602,-0.001363234051991036,J Marsh
0.050888465879847834,-0.017264753195048926,J Martin
0.04142515174389422,0.04532317471660076,J Martinerie
0.08279357879982081,-0.012093982945884915,J Matthews
-0.04260888642944027,-0.010246307236870257,J Mayor
0.02631977737900046,-0.007978805998298567,J McClelland
-0.03594181657764627,-7.921192863141761e-4,J McClellans
0.03131582009185925,-0.0067459051869350395,J McDonnell
0.05350795199333575,0.04294279989781333,J Mehler
-0.03144010911169092,0.001191851070032103,J Minda
-0.03720007677471702,0.005663246893889587,J Misyak
0.07430389787769305,-0.012977460484187983,J Mitchell
-0.032610717394807635,0.0029867323438245866,J Montag
-0.03796242825810409,-0.055881085500924674,J Moore
-0.03474662139585538,-0.010930685930396278,J Morgan
0.04179704899921757,-0.013981262931498097,J Moskaliuk
-0.035327073650068395,-0.013459448945954508,J Murre
-0.04133374312756409,-0.01949016101676599,J Myung
-0.035649688577704175,-0.014516898226033234,J Nagel
-0.03098194628015484,-0.005651418013219869,J Negen
-0.039702598717821336,-0.01675429976976544,J Nickerson
-0.029157193755185936,-0.009858835475495348,J Oberlander
-0.036541026495458394,-0.007387463073641373,J Oesterreich
-0.03674837938261478,-0.008845837404875451,J Opfer
0.06599011572304549,-0.00983319238860815,J Paxton
-0.033241906212054105,-0.002567872944544505,J Pine
-0.03634636964870139,-0.011455355961961934,J Pooley
0.10425222360297276,-0.007198332249737109,J Quan
0.069955202959062,-0.014339451807985688,J Rein
0.04722178883658331,-0.003618592613661947,J Richler
0.03448946360356767,-0.01150844251399593,J Rieskamp
0.05488184518571072,-0.010542803018265826,J Rij
-0.04009936737494512,-0.019274664153974885,J Roberts
0.08583125095125939,-0.011040383423951687,J Roca
0.03593204706620317,-0.00819908190789926,J Roche
-0.03470054130396066,-0.001769745811315493,J Roeer
0.011973753767145743,0.11176982496896236,J Ryu
-0.034600881947499156,-0.002885051387870496,J Saffran
-0.03474875767402521,0.034265293603349394,J Sainz
0.0375359570853797,-7.706764185425333e-5,J Santiago
-0.03835219667094568,0.006648008318682533,J Schall
0.13489480013537838,-0.016259553038132236,J Schoenherr
0.0884478989578023,-0.01175687416396359,J Schulte-Pelkum
0.06484393094831638,-0.005951729499303147,J Shook
0.06613271338632813,-0.010265143631779479,J Snedeker
-0.038910283403882494,0.0069740334248909975,J Spencer
0.05775558458999403,-0.0071890170870014,J Stevens
-0.03924265865104609,7.81865065439586e-4,J Sturm
-0.030226158660665668,-1.5797472042855374e-4,J Szymanik
0.0746859901102066,5.60388746478991e-4,J Tabares
-0.058373832004427764,-0.03492949422613403,J Tenenbaum
-0.033389781672303824,-0.009410809828422274,J Thibaut
-0.03720007677471701,0.005663246893889571,J Tomblin
0.0522702715691496,0.020339204996660455,J Townsend
-0.030306643312454022,3.0790941241765876e-4,J Tree
-0.03607832184590597,-0.004969406236802569,J Treur
-0.03598480925335434,-0.001015962992775506,J Tsang
-0.03613727123667571,0.012748300755157708,J Udden
0.03195718120003473,-0.0033132992726261686,J Verhagen
-0.02093941938678105,0.002601928567786738,J Weast
-0.037309782626653284,-0.008121171153755963,J Wiener
-0.04118086491213775,-0.0047976122894880366,J Williams
-0.034600881947499156,-0.0028850513878704866,J Willits
0.02871423253077255,0.002792668707973653,J Winawer
-0.034335586765367174,0.012109879846773924,J Winkel
-0.03300766655386432,0.005486944705569765,J Witten
-0.018763757761689735,-0.010767216322215544,J Woods
0.1584717740215654,-0.010463891876077037,J Zacks
-0.008246196636980304,0.02065894344951926,J Zaki
0.07244862893156029,-0.0013773133938410924,J Zevin
-0.040077166447961464,-0.012573335674065935,J Zhao
-0.02384674632297219,0.10239325177657695,K Adachi
-0.036238664321115575,4.3514945704382473e-4,K Agres
-0.02648333686340452,0.012534969280296874,K Askawa
-0.03463203145089697,0.0029222255865568826,K Bicknell
0.04918281335530554,-0.011047812265206606,K Carbary
-0.03318350676241157,-0.01052829819200009,K Catley
-0.030664766955073832,-0.00959704787496949,K Coventry
-0.03559126965524163,-0.010815432054628907,K Deitz
0.07577800774470904,0.039741207333988914,K Do
-0.032651645441806584,-0.002704408217410872,K Dunbar
-0.029040762015554184,-9.715643180527517e-4,K Ferrara
-0.031564562460186706,0.05546930663227102,K Fisher
-0.04500013667086135,-0.016901138376533193,K Forbus
-0.030368128263411398,-0.0068780929205082214,K Gerasymova
-0.03453796576341009,-0.004653645199328354,K Gluck
-0.029879755119059034,-1.49392508789666e-4,K Grill-Spector
-0.03787302837508653,0.005230313303191966,K Gurney
-0.04315690277036567,-0.01456474422647154,K Hachey
-0.030516281473936615,0.005509610550447272,K Hamburger
0.02178102337730654,0.006357254621895456,K Holmes
0.05772241299200651,0.05359872515771133,K Hoshi
0.05369157148991862,-0.012089204831543719,K Huijpen
-0.027375023622988607,0.0013498703543903434,K Jasmin
0.04334013382516565,-0.009013513019262759,K Kan
-0.02851134568886183,3.135788473237516e-4,K Kantartzis
-0.03967867690077692,-0.00943389467699679,K Klein
-0.04998781469862597,-0.0654525117032192,K Koedinger
-0.03328204222312532,-0.011448904019652553,K Kuhnberger
0.04673469436070004,-0.010498867561228324,K Kurtz
0.06507103584259684,-0.014395821102786794,K Kyriazov
-0.011055047648576115,-0.0018994173000477037,K Lander
0.04673469436070004,-0.010498867561228328,K Levering
-0.007689643502370582,0.0066519853947968706,K Linkenkaer-Hansen
-0.023846746322972196,0.10239325177657699,K Manktelow
-0.03453031463186098,-0.011302342642505837,K Mattock
0.032143698515431265,-0.009977588931238643,K Mehlhorn
-0.03281784152295851,4.733274439452263e-4,K Meier
0.04795071866909394,-0.01091115073192424,K Mineshima
-0.04136815379083143,-0.0119288489067537,K Miwa
-0.03119048490162635,0.19848267788670376,K Miyapuram
-0.03361946754860783,0.011021368853493045,K Mogi
-0.033977975401105004,-0.004259526019414513,K Morsanyi
-0.03475187451476949,-0.0020017764855309833,K Nakamura
-0.03349779950504306,0.01365143037699379,K Neokleous
-0.005734360514805255,-0.0048027498332002105,K Oberauer
-0.02534071462403576,0.0885014398961216,K Paller
0.050056079202462,-0.01455363255868966,K Panchanathan
-0.017916665991728836,0.05618848510551046,K Patterson
-0.04166443523999218,0.0924344515571492,K Petersson
0.02185940907787391,-0.009202744259597818,K Plunkett
-0.03554673651952298,-0.009878601410152727,K Preiss
-0.03559126965524161,-0.010815432054628905,K Ratliff
-0.03589936137527123,0.002086375924023583,K Revill
-0.0461949400413346,-0.02358653405303287,K Scheiter
-0.035251029942455436,0.0011239222712098478,K Schloss
-0.038379291270054794,0.01740264926270536,K Schmitt
0.06412034506790923,-0.008257746900437183,K Shapiro
-0.03365095279168483,0.0025223659480457213,K Shigemasu
0.0930624177166735,-0.0039458150648905115,K Shockley
-0.052744552629513775,-0.011782378050512498,K Smith
-0.034419220923749404,0.013631634396630786,K Snyder-Tapp
0.054255470867799874,0.08982805949990519,K Tahahashi
0.12774220008279902,0.05644060876144738,K Takahashi
-0.0064316398250507285,-0.016292061916053365,K Tentori
0.1676763859530586,-0.01391376615833614,K Tsiappoutas
0.13713674829526482,0.03406703104896777,K Ueda
-0.03319277527896682,-0.0066980820204270135,K Uttich
0.15720172593247267,-0.015958676224095372,K Vandist
-0.03970824586578579,-0.0497960588462048,K VanLehn
-0.029927531458450108,-0.006511112154921731,K White
-0.020939419386781052,0.0026019285677867255,K Wright
0.10632339602185074,0.028998003432835564,K Yoshimoto
-0.03494649616543382,-0.0052954976982434515,L Averell
-0.03874279812653922,-0.0030898430089333867,L Ball
0.05956174750511661,0.03309898054452131,L Barsalo
-0.03154861318978302,0.031222925970349917,L Blaha
0.04410344940268774,0.0013511715643706504,L Boroditsky
-0.03221826054494697,0.007265165511344229,L Brunel
-0.02939919682748033,-0.006993529615830625,L Cantrell
-0.03272006140313059,7.880725205280516e-4,L Casasanto
-0.032817841522958524,4.7332744394520905e-4,L Chen
0.037580062996103114,0.06836016482820767,L Cohen
0.059672336635601425,0.03281137038628615,L Colzato
-0.03847450173427623,0.02615674569911892,L Connell
-0.02603625051016968,0.04782813804875523,L Cretella
-0.029581659573343654,-0.01378925108277326,L DeGregerio
-0.03873736420112041,-0.004055711234801865,L Ding
-0.034686516845681116,-0.008980694447763124,L Doumas
0.026663167388687327,-0.003979716707844112,L Emberson
-0.03155115788291153,-1.6340555235945376e-4,L Fast
0.047997455556798733,-0.011881939067671266,L Feenstra
0.1125593904996253,-0.010843629294935094,L Feigenson
0.05488945305107301,0.002212247210331635,L Feldman
-0.03128692339721988,0.0055756673920944085,L Ferrand
0.07171945919081235,-0.010656356682854652,L Gabora
-0.031201708699390127,0.06843312765047305,L Gregorios-Pippas
-0.029990568515051236,-0.0061075465537562615,L Greshmam
-0.02939919682748032,-0.006993529615830632,L h
0.0512271260052983,-0.00949827384269381,L Hahn
0.0608272224761456,0.0067207956738530635,L Holt
-0.037873028375086534,0.005230313303191939,L Ingram
0.0674795139686041,-0.005415203427915788,L Inman
0.08985522003695044,-0.004811370834896783,L Issen
-0.030516281473936608,0.005509610550447276,L Jung
-0.03992189392090889,-0.010484639661517236,L Kearney
0.05277980730683969,-0.012451457790560323,L Kester
-0.04541934242543955,0.0038097042968640096,L Konieczny
-0.03000402694200565,-0.0031599194524794413,L Loschky
0.024928408010632196,-0.00494498185240908,L Maanen
0.011503495971812928,0.04059662676011543,L Maccari
-0.011671195394495792,-0.009198245260897813,L Magnani
-0.034671420620394015,-0.006660481617923367,L Martignon
-0.037780697459345466,-0.017066821651386455,L Maurits
-0.03283424968275221,-0.002938551941833302,L Mol
0.037580062996103114,0.06836016482820766,L Naccache
-0.03318350676241156,-0.0105282981920001,L Novick
-0.03156456246018671,0.05546930663227099,L Osterhout
0.08782558283179151,-0.0059089375090561605,L Pei
-0.03206791596366906,-0.00830478583604751,L Penke
-0.031305815847853115,-0.0035854066201380817,L Piffer
-0.0375600732549359,-0.05748712357065181,L Razzaq
-0.0346865168456811,-0.00898069444776313,L Richland
0.05983091723446952,-0.008088712269629946,L Rissman
0.05355045417382459,-0.005647306406114485,L Santos
-0.04266650475894882,-0.016445403211405456,L Schmidt
-0.035228547718894256,-0.003324975386281839,L Schomaker
-0.0422037609273073,-0.007890649474380597,L Schooler
0.01783460196709007,-0.023915529525120185,L Schulz
-0.03575066833060729,0.009241281674760952,L Shahbazyan
0.03884122320913139,-0.011539666763236237,L Smith
-0.030471855912616568,-0.011042264378642985,L Steels
-0.03270220238582321,-0.0010124889357170713,L Stowe
-0.03094314906057562,-0.01004101305416164,L Stukken
0.0607988868280997,-0.0027614184471538863,L Suarez
0.04955306759730521,-0.0057447111303480505,L Thompson
0.07504984394794245,-0.01001067215368805,L Thosen
0.0687229024273386,-0.0022168891142034545,L Tommasi
0.06599011572304551,-0.009833192388608167,L Ungar
0.04581679463816137,-0.009318316104963809,L Urbas
-0.030028409544579426,0.03383088966195479,L Valladares
-0.039989465258230876,0.010083262721520832,L Verschaffel
-0.033868619267983756,-0.00589124495467585,L Zhang
-0.03636450969211859,8.086861676236879e-4,M Adenzato
-0.03167565583346957,-0.0074404464958018465,M Amelsvoort
-0.035231896810786034,-0.00788204931475694,M Ament
0.07033052486821055,7.690473085227072e-4,M Amorim
0.11100778623667915,0.025242378628457154,M Anderson
-0.040082915364346286,-0.01131000844559532,M Andrews
-0.030170423840948885,-0.0065566558601914534,M Arai
-0.033497799505043065,0.013651430376993783,M Avraamides
-0.031564562460186706,0.05546930663227099,M Bassok
0.22940780996061713,-0.020021023394607547,M Beaudoin
-0.03329060430171593,2.3439885472823486e-4,M Blades
-0.032817841522958496,4.733274439451986e-4,M Blair
-0.03031851117695573,0.004904347793973521,M Brady
-0.013502974613048366,-0.007792891407951768,M Brysbaert
-0.03750171746804185,-0.008909283944581863,M Bucciarelli
0.08583125095125937,-0.011040383423951671,M Bueno
-0.028192342943241508,-0.006478339108500269,M Bugajska
-0.032598625101254025,0.015687781757209494,M Burigo
-0.0049440250553813,-0.0014321421203829288,M Carroll
-0.007708326773842772,0.03877614730855827,M Casagrande
-0.0338672486139757,-0.0056612921499473185,M Chanceaux
0.04983892773372923,-0.0024339571788690893,M Chen
0.06503952697500508,-0.014629632895896916,M Choi
0.016674935356533273,-0.002350044706119169,M Christiansen
-0.03150838618449897,-3.108071189582319e-4,M Chu
-0.035832819040735285,-0.0012499116804094324,M Coco
-0.03990331699576684,-0.008519740400417938,M Coen
-0.03191368100129359,-0.010977971094843386,M Colombetti
0.05901910456050342,-0.011774049193625746,M Counihan
-0.03440290507530452,-2.2313717392529473e-4,M Crocker
-0.030373540281089132,-0.007996269829694366,M Cruciani
-0.03130581584785312,-0.003585406620138083,M Dadda
-0.03382815231741231,0.0019360878503397318,M Damian
0.01822030534128197,-0.00841803181378328,M Dehghani
-0.03661285555065119,-0.012289852895944421,M Doherty
0.06654762203487045,0.029880973723453184,M Dopel
-0.032748614529074196,-0.006695011767328216,M Dorr
0.035062305704819496,-0.005347619055660889,M Dougherty
-0.0317243415741778,0.06762729679335511,M Drakesmith
-0.039804869847430806,-0.013585997197545678,M Dry
0.13586087893919335,-0.013223211419983729,M Dumitru
-0.04657261707601329,0.005458229208038187,M Dye
-0.03796242825810408,-0.05588108550092471,M Dzikovska
-0.007373168355640357,0.01667570188638774,M Elk
0.10417785443397579,-0.02026623705344997,M Ellefson
0.06778313053207428,-0.008283292670886825,M Ferguson
-0.0049440250553813014,-0.0014321421203829234,M Flecken
-0.04950714735641591,-0.024053704878058264,M Frank
-0.019597659669684794,0.13010971463015542,M Fumagalli
-0.035820168809947546,-0.0025666392608641214,M Galesci
-0.035674039514446705,5.159121692331556e-4,M Gaskell
0.042390517502632896,-0.0076244713507258545,M Gasser
-0.0345379657634101,-0.004653645199328362,M Gelnn
-0.033577580819547696,-0.007759068238588165,M Gibson
0.08185546708210847,-0.02033821936177025,M Goldwater
0.04799745555679874,-0.011881939067671269,M Grapengeter
-0.02601391526866888,0.10991695167824546,M Greenlee
0.07040205345859415,-0.003829876045597215,M Greenwood
0.016399394984290723,-0.009987754652898292,M Grinberg
-0.03224729308185888,-0.012004149458299177,M Guhe
-0.035820168809947546,-0.0025666392608641193,M Haas
-0.03204904790821239,-0.009150328843718762,M Hartshorn
-0.034802755348197496,0.005185051966273481,M Heffernan
-0.01125784083076018,-0.012373296511865521,M Hegarty
-0.03607832184590596,-0.004969406236802545,M Hoogendoorn
0.133102394236133,-0.009163007416403763,M Hoover
-0.03696928042329835,0.011511459916061752,M Hove
-0.017414358196942693,-0.003306431462363022,M Howard
-0.02084893460761574,0.0014098558885876984,M Imai
-0.03232358893771181,-0.013861727411378137,M Imhof
-0.04135645069599453,0.02186379010019544,M Ingvar
-0.048411333911553195,-0.0015067421721703307,M Jones
-0.03642520218243118,-0.008242745613993425,M Jonsson
-0.0368376758861537,-0.011632911882627281,M Juanchich
0.10325880069198175,-0.029600883614166747,M Kalish
-0.0026950100223278946,-0.029055375926574187,M Kapur
0.07468599011020666,5.603887464789621e-4,M Kean
-0.03357758081954771,-0.007759068238588158,M Keultjes
-0.01791666599172883,0.05618848510551047,M Kiefer
-0.032021980048051055,0.07651807713443994,M Kirby
0.08256184421255518,-0.0183496957559364,M Kitajima
-0.03734949213924932,-0.007468743515447015,M Klein
-0.03638628975506807,0.07877417213359728,M Knauff
-0.041736093161486416,0.014247635621407738,M Koushiou
-0.032675150869122024,0.03348862690959898,M Kutas
-0.026365048825853585,-0.00667281727743728,M Kuwabara
-0.035591269655241634,-0.010815432054628904,M Kwon
-0.034748757674025195,0.03426529360334939,M Lazaro
-0.012490269566158629,-0.024958592930493715,M Lee
-0.02859779508397971,-0.002256475038986531,M Loetzsch
-0.03977339003044598,-0.02081072294211072,M Louwerse
-0.03261071739480765,0.002986732343824569,M MacDonald
0.019458933664620884,-0.0015734735290411045,M Mack
-0.03059434303781801,-0.011585996276181041,M Melguizo
-0.0312869233972199,0.005575667392094421,M Mermillod
-0.027687561971742037,0.0011475804383896133,M Messer
0.058671319540462744,0.0030826045494175593,M Misirlisoy
-0.03929172411370968,-0.011268807728489398,M Monti
-0.03218847815865837,-0.010477316520740564,M Mueller
-0.03760385021931368,-0.010130156451801714,M Mulder
0.04255687836728946,-0.012238975654522736,M Munro
-0.03128112144591509,-0.007225946607558075,M Mutafchieva
-0.03913179216750312,-0.00878117192144876,M Nakagawa
-0.018763757761689735,-0.010767216322215552,M Oaksford
0.06531185947090307,-0.01621411151290071,M Oehl
0.04795071866909395,-0.010911150731924247,M Okada
0.052372445986931186,-0.006165440630950879,M Osman
0.03753595708537971,-7.706764185424637e-5,M Ouellet
0.05711196864905664,-6.042161773462655e-4,M Palmovic
-0.011958458880497834,0.009218381802213502,M Pearce
-0.037156517162873486,-0.025367287291867335,M Pedro
-0.031551157882911525,-1.6340555235946273e-4,M Penner-Wilger
-0.03382815231741229,0.001936087850339736,M Perez
-0.041333743127564104,-0.019490161016766025,M Pitt
-0.03384201976785071,-0.003051741534460374,M Poirier
-0.02945445580099721,-0.0023140802013337505,M Pomplun
-0.032712843671704975,0.003164624354682074,M Prince
-0.026013915268668888,0.10991695167824546,M Raabe
-0.029487328191616344,-0.0038679628660281953,M Ragni
0.0071913610285375485,-0.002500902245590477,M Raijmakers
0.05181666983097001,-0.014228079058402683,M Rajimakeers
-0.03144913552683927,0.022750108778355135,M Ralph
-0.015531958799086521,0.002115663766009446,M Ramscar
0.0031661715491707147,-0.011458406011852837,M Rester
-0.03340328031265487,-0.006631735377603853,M Riad
0.09306241771667347,-0.003945815064890529,M Riley
-0.0457515216082253,-0.012262579343325959,M Roberts
0.024250361459413113,0.0011792949740274943,M Rohrmeier
0.09716089082972092,-0.01044473575365398,M Romano
0.07299961965858451,-0.005591390458339843,M Rotteveel
-0.03450509861719021,-0.004387143088450029,M Sadakata
0.06592506290683163,-0.01868625099415474,M Saito
-0.028074261321283704,-0.007047469738176153,M Sakmoto
-0.03237687321748261,0.01214490059262121,M Sceutz
0.008334836146250461,-0.015337267997224038,M Schoelles
0.15720172593247272,-0.015958676224095362,M Schryver
0.011503495971812926,0.040596626760115447,M Sebastiani
-0.03796355714785413,-0.0017494259027236027,M Seidenber
-0.03460088194749916,-0.002885051387870503,M Seidenberg
-0.030957227451455235,0.009939740509126823,M Setic
-0.030596376660279832,-0.0015577115455379762,M Shotts
-0.03329060430171593,2.343988547282369e-4,M Siegal
-0.02867417948143305,-0.010020559965889292,M Smuc
0.011973753767145738,0.1117698249689624,M Sohn
0.05237244598693117,-0.006165440630950884,M Speekenbrink
0.028339114922624996,0.004191168216973132,M Spivey
-0.028597795083979714,-0.0022564750389865358,M Spranger
-0.034402905075304496,-2.231371739252894e-4,M Staudte
-0.042461447722668896,-0.021755777147367834,M Steyvers
-0.006977734257576547,0.07758149048524514,M Sugiura
-0.0333241719606871,4.952853766016542e-4,M Sutherland
-0.032834249682752205,-0.0029385519418333016,M Swerts
-0.04219558134304799,-0.022203564562905027,M Sydow
0.03758006299610311,0.06836016482820768,M Szwed
-0.034945615771943536,-0.010021796129610022,M Tamariz
0.023768224735960377,-0.008953375626161487,M Tanenhaus
-0.029770498917060028,0.003729308448461595,M To
-0.03386861926798373,-0.005891244954675834,M Tong
0.08256184421255516,-0.018349695755936406,M Toyota
-0.04129765677240747,-0.015003526955825864,M Trench
0.044013323772597784,0.08437066480544446,M Tsitseroshin
-0.03167027989893665,-0.008347164653663933,M Tuason
-0.03710937124816851,0.0029842518633502093,M Tumlin
0.046343127482186414,-0.013363386144460612,M Unterhuber
-0.03338978167230384,-0.009410809828422259,M Vezneva
-0.03607832184590598,-0.0049694062368025385,M Vos
-0.04461081911531228,-0.024948020948801098,M Waldmann
0.06159340914385168,-0.01755461781702692,M Walsh
-0.0328178415229585,4.733274439451917e-4,M Watson
-0.038445782200469535,-0.010231321182792286,M Welsh
-0.03595445319100309,1.085631544422981e-5,M Wiel
0.0677831305320743,-0.008283292670886828,M Wojnowicz
-0.0328178415229585,4.7332744394519403e-4,M Wood
0.11255939049962534,-0.010843629294935101,M Yamaguchi
0.12539605511986848,-0.008556107117937625,M Yip
-0.030226158660665643,-1.5797472042857475e-4,M Zajenkowski
-0.039446572865406364,-0.019010524689578825,M Zeigenfuse
-0.03766902946579353,-0.011544091599250869,N Ali
-0.02809525685816105,-0.0024054952992378005,N Atagi
0.05867131954046276,0.0030826045494175536,N Atalay
-0.03206791596366907,-0.00830478583604751,N Beckage
-0.028841567994281923,-0.009197520004315935,N Benesh
-0.03467142062039403,-0.006660481617923378,N Berg
-0.03519560284735078,-0.006340413113602083,N Bigot
-0.032884414032996565,-0.006129018223369155,N Braisby
-0.011055047648576115,-0.0018994173000477148,N Butcher
-0.029435338752651533,0.08441794101147161,N Caramelli
0.09012679825536844,-0.004932900395275518,N Chater
-0.029067369662721332,-0.005834016589547418,N Chernyak
0.01197375376714574,0.1117698249689624,N Choi
-0.035342092342442115,-0.005379795503846593,N Close
-0.011055047648576115,-0.0018994173000477217,N Costen
-0.035628285456018205,-0.013167451112742421,N Crooks
0.016203964244862732,-0.0010685907159239396,N Davidenko
-0.0348293549012172,0.0031595468456343595,N Derakshan
-0.033828152317412305,0.0019360878503397268,N Dumay
-0.0375729539594352,-0.009644188624103489,N Dupuis-Roy
-0.03382981708677713,0.001900193210236026,N Duran
-0.03340328031265487,-0.006631735377603872,N Einecke
-0.034324375414902054,-0.010533321764850596,N Fay
-0.03474662139585538,-0.01093068593039632,N Feldman
0.05648192977273906,-0.005977624845898985,N Fernandez
-0.03234184426306734,0.0033632973999028564,N Fox
-0.048298881568026794,-0.03229819589985522,N Goodman
0.06716229096230773,-0.02160763693699101,N Hamzah
-0.05236673056604182,-0.07933273837618816,N Heffernan
0.07728132316189269,0.006464017041917763,N Hutchinson
-0.034329955266095086,-7.582147295535975e-4,N Kalchbrenner
-0.02728609675052001,-6.167385163251283e-4,N Khetarpal
-0.03362646501075479,0.002801678057436231,N Kim
-0.03939474542597564,-0.052976722832968254,N Krach
0.08844789895780225,-0.011756874163963597,N Lahrnar
-0.030084869840040825,-0.006764131442200001,N Leblanc
-0.03499675719736894,-0.016847107653992582,N Li
0.051473480450388756,0.05827343125914913,N Masataka
-0.03767734676042306,-0.038554646854993206,N Matsuda
-0.041841855369031185,-0.014341175862807757,N McNeil
-0.030881077924273373,0.004001697702194959,N Metha
0.05425547086779985,0.08982805949990523,N Miura
0.036813046899797426,-0.014550773608667713,N Nailah
-0.03159203809682171,-0.014911867908364034,N Nejati
-0.016090183437581767,-0.019016614471231194,N Nersessian
-0.029040762015554177,-9.715643180527711e-4,N Newcombe
-0.036174683216036264,-0.016914139109346957,N Oberholzer
0.04581679463816139,-0.009318316104963814,N Pape
-0.03111636377692468,0.055236509891645864,N Ruh
-0.03313163139165739,-0.008928706560703673,N Salay
0.0596723366356014,0.032811370386286114,N Schiller
-0.028095256858161076,-0.0024054952992378018,N Sethuraman
-0.03461255233963709,-0.009391285031013637,N Simms
-0.033275177400036396,-0.0017518629416847288,N Snider
-0.03796242825810411,-0.05588108550092469,N Steinhauser
-0.03432437541490205,-0.010533321764850586,N Swoboda
-0.04470804957171242,0.008702843275920875,N Taatgen
-0.03636450969211858,8.08686167623671e-4,N Vasic
-0.0350445446320379,0.0014796103225616201,N Vasilyeva
0.10168285257191424,-0.013164449909056221,N Winkler-Rhoades
-0.03292045273690049,0.0033613979616947324,N Witthoft
-0.02574631607454567,0.001042171037555587,O Fotakopoulou
-0.045814401493689046,-0.018390848777100958,O Griffiths
-0.034261566579202596,-0.009892172444975152,O Lappi
0.048186373236568054,0.023549521408833936,O Lou
-0.036044406694293825,-0.01596227154699537,O Macindoe
0.10050265450741916,-0.0013170851136992256,O Tzeng
0.04422426424195356,-0.0054887447209490065,O Vybornova
-0.03433939843513466,0.007304845460966059,P Antoine
-0.0338420197678507,-0.0030517415344603906,P Ayton
-0.03155000643311543,-0.001490015299250666,P Baumann
-0.03470054130396064,-0.0017697458113155272,P Beaman
0.22940780996061713,-0.020021023394607523,P Bellefeuille
-0.02943533875265154,0.08441794101147163,P Bernardis
0.055535294549603806,-0.015785444538758076,P Bogunovich
-0.03128692339721992,0.005575667392094398,P Bonin
-0.03579226881364215,-0.0016068564658856153,P Brakel
0.03213808481527222,-0.013407572987708498,P Cheng
-0.032598625101254004,0.01568778175720948,P Cherubini
-0.032349053351278044,-0.004849926134213759,P Cho
-0.04139169301975533,0.06323492669536557,P Craston
-0.01741435819694269,-0.0033064314623630396,P Culicover
-0.0345050986171902,-0.004387143088450048,P Desain
-0.04244320895787961,-9.776253732749671e-4,P Dodds
-0.020282062592948926,0.0035717769448598237,P Ekman
-0.03551096245499093,-0.004059844346021966,P Engelbrecht
-0.03310881268875965,1.0929411405985649e-4,P Engelhardt
-0.037408711492488936,-0.017588200864577373,P Frenbach
0.06430018823284958,-0.012772095418555729,P Gardenfors
-0.04619494004133461,-0.0235865340530329,P Gerjets
-0.030497860445276217,0.009019376050677303,P Haazebroek
-0.036137271236675705,0.012748300755157671,P Hagoor
-0.029838607064093928,0.15826897755404767,P Hagoort
8.797852030558824e-4,-0.020216946964404132,P Healey
-0.034214059905020834,-0.008993137689350256,P Hemmer
0.054881845185710765,-0.010542803018265887,P Hendriks
-0.03156061428580105,0.004187852028507822,P Hristova
0.07299961965858451,-0.005591390458339878,P inkielman
-0.028841567994281937,-0.009197520004315944,P Jeauniaux
-0.037606344496503685,-0.02035506211941859,P Jeuniaux
-0.026419686264792745,-0.013274790926584588,P Johnson-Laird
-0.032675150869121976,0.03348862690959896,P Knoeferle
-0.03531345231157554,-0.007584563418238574,P Kusev
-0.03425166741442146,-0.012119353364515669,P Lai
-0.03499675719736893,-0.016847107653992582,P Langley
-0.031134270648076424,-0.01016954688764941,P Legrenzi
-0.027687561971742033,0.0011475804383895927,P Leseman
0.06464734840330125,0.01695834469047875,P Li
-0.011958458880497822,0.009218381802213476,P Loui
-0.037906444112722454,-0.012608907366785386,P Meguire
-0.034530314631860966,-0.01130234264250585,P Monaghan
0.054889453051073,0.002212247210331625,P O'Connor
0.024013085536207453,-0.002974368085005396,P O'Seaghdha
-0.03404406501351084,-0.004461821061665399,P Parpart
-0.035568270872571195,-0.008495439610773016,P Pasquier
-0.025340714624035737,0.08850143989612158,P Reber
-0.02309538548144798,0.009990544941048892,P Rebuschat
-0.038885708349931214,-1.1181160874399491e-4,P Reeder
-0.011055047648576111,-0.0018994173000477222,P Rosin
-0.0408609066491542,-0.02123911289845566,P Shafto
-0.03756007325493587,-0.05748712357065186,P Shrestha
-0.033020973404041344,-0.008396597207964198,P Strange
-0.033679019575667234,-0.007674205543055742,P Thibodeau
0.06459288473712306,-0.008669340240277094,P Thompson
-0.03119048490162635,0.19848267788670387,P Tobler
-0.020106342923508266,-0.008238887924105579,P Todd
0.07468599011020662,5.603887464789331e-4,P Tu
0.049442816191798106,-0.001728178830831245,P Tupper
0.0707591658446544,-0.004374179524892138,P Zulkifli
-0.03429060136032145,-0.01996412100107944,R Alterman
-0.0366128555506512,-0.012289852895944413,R Anderson
-0.03636450969211857,8.086861676236539e-4,R Ardito
0.05194410853788475,-0.008891047467505823,R Ashley
-0.04154738551864277,-0.0036134791720591488,R Aslin
0.053507951993335835,0.04294279989781327,R Augusto
0.051312010333000584,-0.005753840175298566,R Barone
0.058887445749511214,-0.007639027914631393,R Bettis
-0.036663133717617154,-0.010038452837461126,R Blythe
-0.023706462536826813,-0.005591626394962609,R Bod
-0.036329103858888274,-0.031991530074178626,R Bromme
0.019043719343389946,-0.012245806193281536,R Burns
-0.027065474613218014,-0.014323582818225057,R Butler
0.05094328486620633,-0.01615815909717381,R Byrne
-0.007689643502370582,0.006651985394796848,R Cancho
0.04590082344949472,-0.00412145376566474,R Chiou
-0.0330713212217725,0.002148931307657718,R Colman
-0.033832035074906376,-0.006005773061062153,R Colner
-0.03179464967218073,0.05441066256092867,R Cowell
0.05378042450791632,-0.013532237545307335,R Cox
-0.00758391817207989,-0.004431638194424409,R Dale
-0.03420383457737072,-0.007798748493054719,R Franse
-0.03338978167230386,-0.00941080982842228,R French
-0.04572277139207267,-0.010416156945585519,R Goldstone
-0.030695540533385825,-0.022914845094589097,R Guess
0.09032156393798,-0.012975075767141714,R Guttentag
-0.036495781691024645,-0.00980071794111968,R Hadley
-0.0397082458657858,-0.04979605884620487,R Hausmann
-0.030170423840948844,-0.006556655860191464,R Hill
-0.03411851008991437,0.008337821117325502,R Hoffman
-0.03311513540248518,-0.012799040353610165,R Iliev
-0.032789446634639716,-0.003457535823040577,R Jucks
0.04867310020398281,-0.011510033965853293,R Kastuririangan
0.14028793172799459,0.09285034615161886,R Kawashima
-0.03939474542597565,-0.0529767228329682,R Kim
-0.03286742470885936,0.00444083353326109,R Kubat
-0.045008316151223304,-0.007974898663497076,R Lambalgen
-0.029510516213174343,-0.018940485322806642,R Levy
-0.028310373788338256,-0.0033213138771424127,R Lewis
0.009771057380502435,0.0018970495290202283,R Liu
-0.029813397416828962,-0.002824795697201743,R Lowe
-0.03790644411272243,-0.012608907366785382,R Maguire
-0.015350641446614646,0.017751483266355332,R Martin
-0.04461081911531226,-0.024948020948801122,R Mayrhofer
0.035906449761065315,-0.009005136826219834,R McCloy
-0.03411851008991437,0.008337821117325507,R Miikkulainen
-0.03230558493069789,-0.0048955150326744044,R Minervino
-0.03617468321603624,-0.016914139109346964,R Minervo
-0.025340714624035744,0.08850143989612157,R Morrison
-0.03468651684568111,-0.008980694447763124,R Morrsion
-0.036078321845906015,-0.004969406236802557,R Oorburg
-0.02380233028630261,0.19440549133087856,R Osterbauer
0.056531655777050153,0.020787379508733446,R Raafat
0.08971666038034468,-0.016622735240218414,R Raine
-0.03730650454388304,-0.01153890473579184,R Ratwani
-0.026036250510169685,0.04782813804875524,R Rumiati
0.04763596623221805,-0.04626958719046856,R Salden
0.051473480450388756,0.05827343125914915,R Sawada
-0.03731087496071457,-0.012950829606098228,R Saxe
0.047635966232218045,-0.046269587190468565,R Schwonke
0.06216680991921692,-0.013288762369305231,R Seri
-0.053206795835875446,-0.023288124214103912,R Shiffrin
-0.03698219253219486,-0.01715625708614685,R Silva
-0.03234184426306735,0.0033632973999028577,R Skinner
0.06047663938645082,-0.01798793064773011,R Stephens
0.04795071866909396,-0.010911150731924264,R Takemura
-0.032702202385823206,-0.00101248893571706,R Taylor
-0.03841657810202345,0.006139691499253056,R Thompson
0.057484186478085,-0.007112469241094073,R Thomson
-0.03450509861719021,-0.004387143088450039,R Timmers
-0.035337388186721073,-0.010379443268122453,R Trijp
0.03758006299610309,0.06836016482820767,R Valabregue
-0.03329060430171589,2.3439885472821402e-4,R Varley
-0.042751733886674095,-0.014059446618430293,R Verbrugge
-0.03221826054494694,0.0072651655113442105,R Versace
-0.032323588937711804,-0.013861727411378146,R Vollmeyer
-0.036764861021814726,-0.017168177288221984,R Warner
-0.03939474542597566,-0.052976722832968226,R Weitz
-0.038211752839883685,0.006816099345126809,R West
0.06260726137880436,-0.005432184082906356,R White
-0.03595445319100307,1.0856315444229166e-5,R Wiers
-0.02548601828013092,0.0861196042770757,R Willems
-0.04489801746691043,-0.04934776271610438,R Wylie
0.07299961965858456,-0.005591390458339862,R Zeelenberg
-0.035568270872571195,-0.008495439610773012,S Abdallah
-0.041804059721926384,-0.006623515063834092,S Aldrovandi
-0.042040401573541455,-0.003861418292765296,S Andrews
-0.036137271236675685,0.012748300755157682,S Araujo
0.04100824477302338,-0.005425752231259814,S Asakawa
0.035062305704819496,-0.005347619055660898,S Atkins
-0.019597659669684783,0.13010971463015542,S Barbieri
-0.031784021980534455,-0.010697757226539067,S Battersby
-0.03844578220046956,-0.010231321182792269,S Begg
0.03748208253827305,-0.010914823662855221,S Beller
0.06797421548072603,-0.006423853606976629,S Bredart
0.04079369079149797,-0.012143740909263036,S Brenman
-0.05330016356092257,-0.0022755690988400506,S Brown
-0.03257743349662167,-0.004001321352127862,S Buchner
0.05711196864905664,-6.042161773462806e-4,S Budimir
-0.03058566912244034,-0.008631858387133618,S Buecher
0.019043719343389946,-0.01224580619328153,S Carberry
0.10987997673193929,-0.014479143848994342,S Carey
0.08493506924981391,3.070140361202944e-5,S Chen
-0.041391693019755336,0.06323492669536558,S Chennu
0.06164994530472574,-0.01455649938692526,S Colen
-0.03090857282421602,-0.002694973437262184,S Cook
-0.03710937124816852,0.0029842518633502128,S Creel
0.047836979320885584,0.0020125607967569287,S Crocker
-0.0355682708725712,-0.008495439610773007,S D'Souza
-0.030497860445276196,0.009019376050677312,S Dantzig
-0.036248379934422016,-0.010066447638124792,S Day
0.028120360624934244,0.046779168715882134,S Dehaene
-0.04695861271331279,-0.010356681785834753,S Dennis
0.04523846966989411,-0.007742639013596428,S Dewhurst
-0.038708518040037096,-0.00820287900444515,S Deyne
0.019043719343389953,-0.012245806193281531,S Elzer
-0.03636450969211857,8.086861676236634e-4,S Erk
-0.03420383457737072,-0.007798748493054709,S Es
-0.03239452626776333,-0.0018636665221901383,S Fitneva
0.01449539490689745,-0.004277099010572352,S Flusberg
-0.05052148942048115,-0.00815763225839297,S Frank
-0.0322886726270907,-0.013460300376674563,S Friedman
-0.026950649551146847,0.004673767724479308,S Gabay
-0.03646568120613264,-0.024635040787835277,S Gadgil
-0.039708245865785814,-0.049796058846204874,S Gershman
-0.03862670647529808,-0.013911539050596685,S Glucksberg
-0.03769482416524912,-0.010982709031048917,S Goldwater
0.08391560354835999,-0.013861462580402316,S Gries
0.060827222476145644,0.006720795673853046,S Guediche
-0.033977975401104976,-0.004259526019414534,S Handley
0.015691335649980556,-0.02142935208367599,S Hidaka
0.03681304689979745,-0.014550773608667706,S Honiden
0.058887445749511214,-0.007639027914631386,S HU
0.07596704288806541,-0.009380163419846505,S Husain
-0.039749723790344714,-7.603759848957944e-4,S Joordens
0.07630898810217002,-0.012650562352753249,S Kang
-0.030594343037818002,-0.011585996276181055,S Karanam
-0.030474195194578294,-0.011977102180783183,S Kase
-0.03113307362724849,-0.012955591443972379,S Katz
-0.03901746192613816,-0.01513604540047154,S Kaufmann
-0.03862670647529809,-0.01391153905059668,S Khemlani
0.07537389023318092,0.02666153626463037,S Kim
-0.02426228136832005,-0.011707119404477197,S Kirby
-0.03495225456737734,0.001355792446964235,S Kita
0.07632160759755682,-0.0018842186657086364,S Kiyokawa
0.06507103584259674,-0.01439582110278681,S Kostadinov
-0.03121779172679831,0.0015335263482006004,S Kousta
0.06412034506790927,-0.008257746900437193,S Lee
0.07171945919081242,-0.010656356682854662,S Leijnen
-0.03862670647529808,-0.013911539050596673,S Leslie
-0.03559126965524158,-0.010815432054628928,S Levine
-0.0057343605148052436,-0.004802749833200221,S Lewandowsky
0.06580828841980632,-0.007848138842169996,S Lim
-0.035674039514446705,5.159121692331519e-4,S Lindsay
0.0556019842894347,0.0013580029941001593,S Lourenco
-0.03590689610760274,-9.289424606301185e-4,S Lu
-0.01959765966968478,0.1301097146301554,S Makic-Sposta
0.05633216352569502,-0.007163637558241476,S Makioka
-0.01959765966968478,0.1301097146301554,S Marceglia
-0.03793148615663416,0.015758760689142476,S Mereu
-0.04315690277036569,-0.014564744226471539,S Mewaldt
-0.03144010911169092,0.0011918510700320683,S Miles
0.11498695114778511,-0.014800434428088902,S Moreno-Rios
-0.026373411459086046,-0.047132606559752654,S Ohlsson
0.07299961965858455,-0.005591390458339852,S Oosterwijk
-0.03525102994245546,0.0011239222712098455,S Palmer
-0.04036168200721879,0.05467698920899546,S Philips
-0.03337671474841189,-0.004867020009566565,S Piantadosi
-0.03632910385888829,-0.03199153007417862,S Pieschl
0.016396593783840886,-0.006431873294730842,S Place
-0.03359194082381261,-0.009602876541805833,S Prasada
-0.033071321221772504,0.0021489313076577263,S Prudom
0.04727531669350232,-0.010453780105199153,S Ramesh
0.05932467628027205,-0.014761900961183542,S Read
0.05546119844791774,0.04517892785276307,S Revithis
0.06358186654812882,-0.006581476114538419,S Rice
-0.03432437541490203,-0.010533321764850593,S Rogers
-0.039349886055010226,-0.009319891351771263,S Sachdeva
0.05425547086779981,0.08982805949990527,S Sato
-0.03487543616824958,0.016330377133853786,S Schroeder
-0.033093199095432464,0.005623522948024563,S Schwarzkopf
-0.02028206259294893,0.0035717769448598315,S Scott
-0.029280252568951688,-9.165299086508871e-4,S Shaki
-0.03374953263769929,-0.0029269385747469887,S Singh
-0.031551157882911574,-1.6340555235947455e-4,S Skwarchuk
0.05999131034775802,-0.007359885572426543,S Sloman
0.06278389079271675,-0.0036436673947288696,S Smyth
0.07178990382005128,-0.021054881778719652,S Soroya
-0.03494583477021464,-0.0092156303529028,S Stevenson
0.08631381998656341,-0.009971385510812406,S Street
0.057244149460147394,0.09327007922581869,S Thompson-Schill
0.053507951993335856,0.04294279989781327,S Varela
-0.030943149060575655,-0.010041013054161649,S Verheyen
-0.01887862881839705,-0.013660440768818042,S Vosniadou
0.0662175962458792,-0.007629981670536497,S Wallot
-0.028841567994281933,-0.009197520004315934,S Watanabe
-0.030337684569604558,-0.0012724269558895022,S Webb
-0.009545689411235377,-0.012119671264931806,S Wechsler
-0.03731756348811961,0.06913676782947274,S Welbourne
0.04799745555679876,-0.011881939067671298,S Wierda
-0.029566625846111,-0.010871303876203931,S Wintermute
-0.03841985980876764,0.004453844387270536,S Wolfer
-0.031216111042777304,0.03814933897884693,S Wood
-0.03146428076684407,-0.006363470331507193,S Yekollu
0.1402879317279946,0.09285034615161886,S Yokoyama
0.042556878367289455,-0.012238975654522734,S Zhang
-0.034402385888776824,-2.6625489204431087e-4,T Andringa
-0.01887862881839705,-0.013660440768818031,T Arabatzis
-0.033867248613975685,-0.005661292149947324,T Baccino
0.05838644549884859,-0.003940708127638546,T Barry
-0.030115140648829513,0.0011993243510553932,T Bosse
-0.032376873217482616,0.01214490059262121,T Boyer
-0.03154861318978303,0.03122292597034992,T Busey
0.05007057468550961,-0.008565810694643653,T Chernigovskaja
0.07728132316189264,0.006464017041917773,T Curran
0.08436606639920513,-0.0068364605784748105,T Davis
-0.0315633882575707,0.08089045525985313,T Fangmeier
0.038177519926654385,8.058580620907001e-4,T Farmer
-0.03030664331245402,3.0790941241767215e-4,T Fox
0.06686391669632605,-0.01726775225498241,T Gangwani
-0.03691015138530735,-0.017305415365941924,T Gog
-0.0185156247301984,-0.03439157643719304,T Griffiths
-0.012903761954855066,-0.010446837560397007,T Gureckis
-0.03426156657920262,-0.009892172444975159,T Hakala
0.06083832819365666,-0.005424612275577146,T Henetz
-0.033619467548607854,0.011021368853493035,T Herai
-0.02946400784042194,-0.009520230034589534,T Hills
-0.031564898483537426,-0.006773328954623499,T HIlls
-0.03970174353929375,-0.003805355633911347,T Jaeger
-0.03030664331245402,3.079094124176731e-4,T John
0.12427444535808814,0.0925940904989529,T Kambara
0.06459171617711211,-0.010437518403120427,T Kershaw
0.051453752025627436,-0.009350890335369177,T Kojima
-0.03140309867529794,0.03365630066030223,T Kriete
-0.02906736966272131,-0.005834016589547413,T Kushnir
0.059660905096401325,-0.012347354205302875,T Kusumi
-0.04188636071264503,-0.01154421874350692,T Lombrozo
0.12495926853145446,-0.010589180592921394,T Matlock
0.04757295831397569,-0.002447485352123355,T Matsui
-0.039228753979043365,-0.007825356494445096,T Matsuka
0.05468251443191756,-0.013378215848908078,T Meilinger
-0.03724263491861246,-0.05055064443509334,T Mitamura
0.05425547086779979,0.08982805949990527,T Miyamoto
-0.03128692339721991,0.005575667392094416,T Morisseau
-0.03504454463203792,0.0014796103225616227,T Muratore
-0.051214193870672824,-0.05376875667849709,T Nokes
0.05772241299200653,0.05359872515771132,T Ogawa
-0.03519560284735079,-0.006340413113602082,T Olive
-0.043117442995606485,-0.008622362737495623,T Ormerod
6.058643992438702e-4,0.0038129970885287163,T Palmeri
0.05007057468550959,-0.008565810694643662,T Petrova
-0.036329103858888295,-0.03199153007417863,T Porsch
-0.03544381101169994,-0.004183785608873125,T Qian
-0.027286096750520027,-6.167385163251172e-4,T Regier
-0.007689643502370577,0.006651985394796856,T Rhodes
0.02467834702205408,-0.01356225134275869,T Schijndel
0.06592506290683171,-0.018686250994154777,T Shimazaki
-0.04450809887182562,-0.004449351453371336,T Shultz
-0.037873028375086534,0.0052303133031919346,T Stafford
-0.03648516123199902,-0.010963686609240167,T Stewart
0.05966090509640132,-0.012347354205302873,T Taira
-0.02977049891706001,0.003729308448461583,T Troscianko
-0.0344870799659533,-0.018170784485126656,T Ullman
-0.03267515086912193,0.03348862690959896,T Urbach
-0.033002662110861995,-0.008560838468787647,T Veale
-0.033034338558344416,-0.009067132916026401,T Wandmacher
-0.032188478158658385,-0.01047731652074058,T Wareham
0.073589677892304875,-0.017943833258192654,T Wong
-0.03534209234244215,-0.005379795503846596,T Wright
-0.04336945125390993,-0.010883767497400998,T Yamauchi
-0.03610828599627793,0.011910086022785262,T Ziemke
0.041797048999217594,-0.013981262931498126,U Cress
-0.034687988647312054,-0.0016301773321925647,U Ecker
-0.0341185100899144,0.008337821117325502,U Grasemann
-0.045616738579954734,-0.0191981873026932,U Hahn
-0.03946738751106469,-0.009505821825847803,U Hasson
-0.033282042223125335,-0.011448904019652605,U Krumnack
-0.028871134131149383,-0.0037111855154671044,U Obaidellah
-0.037812561540564664,-0.006616269066324125,U Sio
-0.033034338558344416,-0.009067132916026396,U Waltinger
-0.032817841522958524,4.7332744394517224e-4,U Wong
0.01936964822251434,-0.05104257520500067,V Aleven
0.06416831842281073,-0.004857768295705919,V Benitez
-0.0064316398250507155,-0.016292061916053376,V Crupi
-0.03575773994351104,-0.0018286881137831506,V Demberg
-0.03205281266958372,-0.011488188108369208,V Feldman
-0.03943199826830258,-0.018624968275088343,V Ferdinand
0.09030173718705099,-0.007975767256986848,V Ferrari
-0.027715516922185254,0.1231007475940678,V Folia
0.07800168378192682,-0.011391942451598235,V Gilliland
-0.028444517470806598,-0.006289884646905929,V Glebkin
0.06507103584259673,-0.014395821102786806,V Haltakov
0.06412034506790934,-0.008257746900437193,V Izard
0.08324561646883957,-0.0051618640127274835,V Kovic
-0.037999520962080834,-0.012220983856010849,V Mansinghka
-0.03487543616824958,0.01633037713385378,V Marian
-0.03016511510240778,-0.008766116304575177,V Micelli
3.192949525368247e-4,-0.011262041289016419,V Pavlenko
-0.03453796576341017,-0.004653645199328359,V Richard
-0.03348453482661979,-0.003587681779158954,V Robinet
-0.03553557306717784,-0.008231294741043131,V Savova
-0.03307132122177252,0.002148931307657729,V Selvaprakash
-0.03433853374381741,0.0018798296628728761,V Simmering
-0.01988576648714891,-0.01707495930897101,V Sloutsky
-0.03172152070355684,-0.005579727891923916,V Veksler
-0.043219263504956605,-0.009590137645625874,W Ahn
-0.0326668404816711,-0.013588452351301064,W Chang
-0.03767734676042309,-0.038554646854993206,W Cohen
-0.03998946525823084,0.010083262721520818,W Doorden
0.10389198670044654,-0.017069514883593144,W Frankenhuis
-0.02819234294324148,-0.006478339108500287,W Frost
-0.035644342006423184,-0.00786399643842891,W Gaissmaier
0.07052023842441106,-0.004757158008868166,W Goh
0.023211647241103577,-0.011542472011632878,W Gray
-0.03946040616643379,0.00962531620549669,W Hachmann
-0.035598030674421785,-0.007385968575566775,W Jung
0.049838927733729194,-0.002433957178869107,W Kinstsch
-0.036141209266900946,-0.004261430472820729,W Maddox
0.055535294549603854,-0.015785444538758076,W Mankowski
0.003166171549170722,-0.011458406011852855,W Paley
-0.02928025256895168,-9.165299086508825e-4,W Petrusic
-0.03837929127005478,0.017402649262705332,W Rauch
0.0766452249004869,-0.01570265024995192,W Richards
-0.03998946525823085,0.010083262721520816,W Schaeken
-0.03119048490162635,0.19848267788670373,W Schultz
-0.036346369648701415,-0.011455355961961927,W Shankle
-0.03234905335127805,-0.004849926134213766,W Tabor
0.02140609915098765,-0.01656210965047555,W Vanpaemel
-0.0352995960568748,-0.010598623588803775,W Voorspoels
-0.045640759989706126,-0.016409045026112304,W Zuidema
-0.03756007325493587,-0.057487123570652,X Wei
-0.004611751818518079,-0.011940910174161865,X Yao
0.0849350692498139,3.070140361202841e-5,X Zhao
-0.03607931040556629,-0.014996510753450756,Y Bestgen
0.04818637323656806,0.023549521408833932,Y Chiu
0.01989116633620191,-0.013650391531779538,Y Gal
-0.033549827222774185,-0.01531353670913522,Y Gao
-0.04263882032296912,-0.018223881585000386,Y Hagmayer
-0.03300266211086198,-0.008560838468787657,Y Hao
-0.04136815379083143,-0.011928848906753733,Y Hayashi
-0.029942249043287857,-0.010775998895635958,Y Kammerer
-0.023846746322972217,0.10239325177657702,Y Kawasaki
0.08434737341091664,0.04322317308095948,Y Miura
0.0772813231618926,0.006464017041917762,Y Munakata
0.0676569012462373,1.5064055603906793e-4,Y Paluy
-0.038708518040037075,-0.008202879004445163,Y Peirsman
-0.031657954551107016,-0.015613808060705753,Y Rho
0.1572017259324728,-0.015958676224095344,Y Rosseel
-0.0407643697990737,-0.010071709321884672,Y Sakamoto
0.03427496631840672,-0.0030022642540732205,Y Sandamirskaya
0.04795071866909401,-0.010911150731924257,Y Sato
-0.032394526267763325,-0.001863666522190147,Y Song
-0.040361682007218784,0.05467698920899543,Y Takeda
-0.04133374312756412,-0.019490161016766056,Y Tang
0.0475729583139757,-0.002447485352123359,Y Tojo
0.04983892773372923,-0.0024339571788691053,Y Tzeng
0.12199637047156968,-0.006839609036577412,Y Washida
-0.03487543616824957,0.01633037713385378,Z Ali
-0.0336509527916848,0.00252236594804572,Z Dienes
0.10229704201462188,-0.008103822625246648,Z Estes
-0.02695064955114685,0.004673767724479285,Z Israeli
-0.030115140648829537,0.0011993243510553901,Z Memon
0.06260726137880429,-0.0054321840829063455,Z Pylyshyn
0.05570668422222023,-0.019580546147621315,Z Yoo
-0.036203271051877796,-0.0038032802200643665,Z Yucel
